timestamp,x,y,frame_no,frame_count,confidence,detection_method,camera
15500.0,57,403,931,931,0.7567336559295654,YOLO,2
15516.666666666666,110,409,932,932,0.8281416893005371,YOLO,2
15533.333333333334,162,416,933,933,0.7850005030632019,YOLO,2
15549.999999999998,1803,407,934,934,0.8137478828430176,YOLO,1
15549.999999999998,210,422,934,934,0.834425151348114,YOLO,2
15566.666666666666,1749,415,935,935,0.8137804269790649,YOLO,1
15566.666666666666,255,428,935,935,0.8181137442588806,YOLO,2
15583.333333333334,1091,539,936,936,0.7964953919549048,BG,1
15583.333333333334,297,435,936,936,0.5949259400367737,YOLO,2
15600.0,1648,432,937,937,0.8564746975898743,YOLO,1
15600.0,297,435,937,937,0.4,LK,2
15616.666666666668,332,441,938,938,0.6251822870788951,BG,2
15616.666666666668,1647,431,938,938,0.4,LK,1
15633.333333333332,414,455,939,939,0.8096304535865784,YOLO,2
15633.333333333332,1556,450,939,939,0.7640290260314941,YOLO,1
15650.0,413,455,940,940,0.4,LK,2
15650.0,1544,449,940,940,0.7798381254407766,BG,1
15666.666666666666,413,455,941,941,0.3,LK,2
15666.666666666666,1522,455,941,941,0.6014486279219953,BG,1
15683.333333333334,514,476,942,942,0.79883873462677,YOLO,2
15683.333333333334,1470,463,942,942,0.5821330594622987,BG,1
15700.0,543,483,943,943,0.7777970433235168,YOLO,2
15700.0,1400,484,943,943,0.8338354229927063,YOLO,1
15716.666666666666,543,483,944,944,0.4,LK,2
15716.666666666666,1391,484,944,944,0.8458348514740116,BG,1
15733.333333333332,1331,502,945,945,0.8617282509803772,YOLO,1
15733.333333333332,543,483,945,945,0.3,LK,2
15750.0,650,499,946,946,0.8061450660379307,BG,2
15750.0,1333,502,946,946,0.7295633056601964,BG,1
15766.666666666666,1268,520,947,947,0.8021323680877686,YOLO,1
15766.666666666666,649,498,947,947,0.4,LK,2
15783.333333333334,1238,526,948,948,0.5142535774535534,BG,1
15783.333333333334,677,517,948,948,0.6269475859030686,BG,2
15799.999999999998,676,516,949,949,0.4,LK,2
15799.999999999998,1238,531,949,949,0.4,LK,1
15816.666666666666,676,516,950,950,0.3,LK,2
15816.666666666666,1238,531,950,950,0.3,LK,1
15833.333333333334,676,516,951,951,0.2,LK,2
15833.333333333334,1157,555,951,951,0.6393043994903564,YOLO,1
15850.0,761,547,952,952,0.5367460329653373,BG,2
15850.0,1131,564,952,952,0.8264473676681519,YOLO,1
15866.666666666668,783,555,953,953,0.7575655579566956,YOLO,2
15866.666666666668,1107,574,953,953,0.6556553840637207,YOLO,1
15883.333333333332,1083,582,954,954,0.6711515669304658,BG,1
15883.333333333332,783,554,954,954,0.4,LK,2
15900.0,744,536,955,955,0.534516461231188,BG,2
15900.0,1061,590,955,955,0.6439302012665772,BG,1
15916.666666666666,836,577,956,956,0.675174195411533,BG,2
15916.666666666666,1039,601,956,956,0.8301331400871277,YOLO,1
15933.333333333334,1039,600,957,957,0.4,LK,1
15933.333333333334,853,584,957,957,0.6710150573647035,BG,2
15950.0,998,618,958,958,0.7166670004327368,BG,1
15950.0,869,591,958,958,0.4,LK,2
15966.666666666666,979,626,959,959,0.6144737849879819,BG,1
15966.666666666666,859,591,959,959,0.3,LK,2
15983.333333333332,901,607,960,960,0.6977353113971827,BG,2
15983.333333333332,978,626,960,960,0.4,LK,1
16000.0,916,614,961,961,0.7009449888926252,BG,2
16000.0,942,645,961,961,0.6126790421850068,BG,1
16016.666666666666,937,646,962,962,0.4,LK,1
16016.666666666666,930,621,962,962,0.6877535922269661,BG,2
16033.333333333332,920,650,963,963,0.3,LK,1
16033.333333333332,943,629,963,963,0.6981495213799727,BG,2
16050.0,956,631,964,964,0.5989023329956343,BG,2
16050.0,920,650,964,964,0.2,LK,1
16066.666666666666,964,622,965,965,0.7706654637255596,BG,2
16066.666666666666,879,669,965,965,0.6777771711349487,YOLO,1
16083.333333333332,972,613,966,966,0.7295632915917724,BG,2
16083.333333333332,870,667,966,966,0.4,LK,1
16100.000000000002,980,605,967,967,0.7491195616706107,BG,2
16100.000000000002,869,667,967,967,0.3,LK,1
16116.666666666668,848,640,968,968,0.5605725679985739,BG,1
16116.666666666668,988,598,968,968,0.7599925760865994,BG,2
16133.333333333332,845,532,969,969,0.7689394011682371,BG,2
16133.333333333332,837,631,969,969,0.6830312898146628,BG,1
16149.999999999998,827,624,970,970,0.7295633056601964,BG,1
16149.999999999998,1004,584,970,970,0.661957711705853,BG,2
16166.666666666668,818,616,971,971,0.6830312961867525,BG,1
16166.666666666668,1011,577,971,971,0.646814527087596,BG,2
16183.333333333334,808,609,972,972,0.7215119325916399,BG,1
16183.333333333334,1019,571,972,972,0.7663037799788776,BG,2
16200.0,798,602,973,973,0.7859914640611582,BG,1
16200.0,1026,565,973,973,0.7991743141147477,BG,2
16216.666666666664,788,594,974,974,0.5265598703836084,BG,1
16216.666666666664,1034,560,974,974,0.7167188736322383,BG,2
16233.333333333334,1041,555,975,975,0.6639006136707796,BG,2
16233.333333333334,780,590,975,975,0.7546169408165511,BG,1
16250.0,1047,550,976,976,0.7392934065824305,BG,2
16250.0,771,584,976,976,0.7810175211984731,BG,1
16266.666666666666,887,511,977,977,0.6737651190752144,BG,2
16266.666666666666,762,579,977,977,0.7590170352154523,BG,1
16283.333333333332,1061,542,978,978,0.6822824866852049,BG,2
16283.333333333332,753,574,978,978,0.7082942521440521,BG,1
16300.0,744,570,979,979,0.6803454321247149,BG,1
16300.0,897,507,979,979,0.8198545354117052,BG,2
16316.666666666666,738,567,980,980,0.5601240992546082,YOLO,1
16316.666666666666,1074,535,980,980,0.6288474407771745,BG,2
16333.333333333332,1081,532,981,981,0.6188143483889068,BG,2
16333.333333333332,727,562,981,981,0.6067945690636987,BG,1
16350.000000000002,1087,529,982,982,0.6863827700137785,BG,2
16350.000000000002,720,559,982,982,0.7545745818520151,BG,1
16366.666666666668,917,501,983,983,0.6430287075658971,BG,2
16366.666666666668,712,555,983,983,0.6088504629820921,BG,1
16383.333333333332,1099,524,984,984,0.5516314248743555,BG,2
16383.333333333332,704,553,984,984,0.5901166025826431,BG,1
16400.0,703,552,985,985,0.4,LK,1
16400.0,1105,522,985,985,0.6935989106655485,BG,2
16416.666666666668,932,498,986,986,0.7785730219145969,BG,2
16416.666666666668,689,548,986,986,0.606874058814728,BG,1
16433.333333333332,1117,519,987,987,0.5475231182850782,BG,2
16433.333333333332,688,547,987,987,0.4,LK,1
16450.0,1123,518,988,988,0.6151515150938157,BG,2
16450.0,674,545,988,988,0.6966144331963885,BG,1
16466.666666666664,666,544,989,989,0.5659309363890113,BG,1
16466.666666666664,1128,517,989,989,0.6108759556927862,BG,2
16483.333333333336,660,543,990,990,0.5109475067402145,BG,1
16483.333333333336,950,495,990,990,0.8061450660379307,BG,2
16500.0,955,495,991,991,0.8061450660379307,BG,2
16500.0,653,542,991,991,0.4,LK,1
16516.666666666664,650,541,992,992,0.3,LK,1
16516.666666666664,1144,515,992,992,0.5126262625781798,BG,2
16533.333333333332,1150,514,993,993,0.534516461231188,BG,2
16533.333333333332,646,542,993,993,0.2,LK,1
16550.0,1155,515,994,994,0.5885080904287388,BG,2
16550.0,645,543,994,994,0.2,LK,1
16566.666666666668,1160,515,995,995,0.4,LK,2
16566.666666666668,645,543,995,995,0.2,LK,1
16583.333333333332,1165,515,996,996,0.3,LK,2
16583.333333333332,645,543,996,996,0.2,LK,1
16600.0,645,544,997,997,0.2,LK,1
16600.0,1169,516,997,997,0.2,LK,2
16616.666666666668,1174,518,998,998,0.6288121515433458,BG,2
16616.666666666668,645,544,998,998,0.2,LK,1
16633.333333333332,1179,519,999,999,0.6288121515433458,BG,2
16633.333333333332,645,544,999,999,0.2,LK,1
16650.0,645,543,1000,1000,0.2,LK,1
16650.0,1183,520,1000,1000,0.4,LK,2
16666.666666666668,1188,521,1001,1001,0.3,LK,2
16666.666666666668,645,543,1001,1001,0.2,LK,1
16683.333333333332,588,551,1002,1002,0.4663378894329071,YOLO,1
16683.333333333332,1192,523,1002,1002,0.2,LK,2
16700.0,588,550,1003,1003,0.4,LK,1
16700.0,1196,525,1003,1003,0.2,LK,2
16716.666666666664,589,548,1004,1004,0.3,LK,1
16716.666666666664,1192,521,1004,1004,0.2,LK,2
16733.333333333336,1192,524,1005,1005,0.2,LK,2
16733.333333333336,590,547,1005,1005,0.2,LK,1
16750.0,1192,518,1006,1006,0.2,LK,2
16750.0,591,545,1006,1006,0.2,LK,1
16766.666666666664,944,482,1007,1007,0.5519139748323036,BG,2
16766.666666666664,592,542,1007,1007,0.2,LK,1
16783.333333333332,944,481,1008,1008,0.4,LK,2
16783.333333333332,587,548,1008,1008,0.49522820115089417,YOLO,1
16800.0,915,475,1009,1009,0.5802172555929346,BG,2
16800.0,600,537,1009,1009,0.4,LK,1
16816.666666666668,1161,505,1010,1010,0.7411416266302412,BG,2
16816.666666666668,600,533,1010,1010,0.3,LK,1
16833.333333333332,631,528,1011,1011,0.4213351011276245,YOLO,1
16833.333333333332,1149,500,1011,1011,0.6564678376474382,BG,2
16850.0,630,528,1012,1012,0.4,LK,1
16850.0,1138,495,1012,1012,0.7171208543480075,BG,2
16866.666666666668,1127,490,1013,1013,0.6948268209617899,BG,2
16866.666666666668,659,515,1013,1013,0.6808730066432692,BG,1
16883.333333333332,1115,485,1014,1014,0.7059936943317515,BG,2
16883.333333333332,675,509,1014,1014,0.7192877633878502,BG,1
16900.0,691,503,1015,1015,0.7405115231394724,BG,1
16900.0,1103,480,1015,1015,0.6772362685323776,BG,2
16916.666666666668,1090,475,1016,1016,0.752402061635402,BG,2
16916.666666666668,707,497,1016,1016,0.6951034666118668,BG,1
16933.333333333332,1077,470,1017,1017,0.6981495213799727,BG,2
16933.333333333332,724,491,1017,1017,0.708294239616913,BG,1
16950.0,1064,465,1018,1018,0.6721014975502076,BG,2
16950.0,741,485,1018,1018,0.6895392810929443,BG,1
16966.666666666664,1051,461,1019,1019,0.6410351607821445,BG,2
16966.666666666664,758,479,1019,1019,0.6753908294354454,BG,1
16983.333333333336,776,474,1020,1020,0.7171208523366621,BG,1
16983.333333333336,1037,456,1020,1020,0.7176767676094518,BG,2
17000.0,794,468,1021,1021,0.6865745897209237,BG,1
17000.0,1023,452,1021,1021,0.6935989106655485,BG,2
17016.666666666664,1008,447,1022,1022,0.6730367163034771,BG,2
17016.666666666664,812,463,1022,1022,0.6865745897209237,BG,1
17033.333333333332,832,458,1023,1023,0.7281472118602236,BG,1
17033.333333333332,993,443,1023,1023,0.6863235028480623,BG,2
17050.0,851,453,1024,1024,0.6587803280305379,BG,1
17050.0,977,439,1024,1024,0.6929053609322435,BG,2
17066.666666666668,871,448,1025,1025,0.6887376772400907,BG,1
17066.666666666668,961,435,1025,1025,0.6943798954658404,BG,2
17083.333333333332,891,443,1026,1026,0.5964216640338037,BG,1
17083.333333333332,945,431,1026,1026,0.6679100614493977,BG,2
17100.0,891,443,1027,1027,0.4,LK,1
17100.0,658,430,1027,1027,0.6211044788360596,YOLO,2
17116.666666666668,891,443,1028,1028,0.3,LK,1
17116.666666666668,657,430,1028,1028,0.4,LK,2
17133.333333333332,657,430,1029,1029,0.3,LK,2
17133.333333333332,956,430,1029,1029,0.7053769327831894,BG,1
17150.0,956,429,1030,1030,0.4,LK,1
17150.0,643,429,1030,1030,0.2,LK,2
17166.666666666668,956,429,1031,1031,0.3,LK,1
17166.666666666668,628,429,1031,1031,0.2,LK,2
17183.333333333332,628,429,1032,1032,0.2,LK,2
17183.333333333332,1026,419,1032,1032,0.5769917368888855,YOLO,1
17200.0,628,429,1033,1033,0.2,LK,2
17200.0,1051,416,1033,1033,0.5712132446666832,BG,1
17216.666666666664,628,429,1034,1034,0.2,LK,2
17216.666666666664,1076,415,1034,1034,0.6519206762313843,YOLO,1
17233.333333333336,628,429,1035,1035,0.2,LK,2
17233.333333333336,1100,411,1035,1035,0.5548791285324388,BG,1
17250.0,774,406,1036,1036,0.620843231678009,YOLO,2
17250.0,1125,409,1036,1036,0.5838615373682173,BG,1
17266.666666666664,751,404,1037,1037,0.7319937348365784,YOLO,2
17266.666666666664,1125,408,1037,1037,0.4,LK,1
17283.333333333332,751,403,1038,1038,0.4,LK,2
17283.333333333332,1125,408,1038,1038,0.3,LK,1
17300.0,751,403,1039,1039,0.3,LK,2
17300.0,1211,404,1039,1039,0.4385858178138733,YOLO,1
17316.666666666668,1210,404,1040,1040,0.4,LK,1
17316.666666666668,751,403,1040,1040,0.2,LK,2
17333.333333333332,751,403,1041,1041,0.2,LK,2
17333.333333333332,1210,404,1041,1041,0.3,LK,1
17350.0,1210,404,1042,1042,0.2,LK,1
17350.0,751,403,1042,1042,0.2,LK,2
17366.666666666668,1210,404,1043,1043,0.2,LK,1
17366.666666666668,751,403,1043,1043,0.2,LK,2
17383.333333333332,424,425,1044,1044,0.5358572563049143,BG,2
17383.333333333332,1210,404,1044,1044,0.2,LK,1
17400.0,424,425,1045,1045,0.4,LK,2
17400.0,1400,403,1045,1045,0.6511204838752747,YOLO,1
17416.666666666668,1433,404,1046,1046,0.7972566485404968,YOLO,1
17416.666666666668,509,403,1046,1046,0.38780921697616577,YOLO,2
17433.333333333332,385,428,1047,1047,0.8061450660379307,BG,2
17433.333333333332,1470,406,1047,1047,0.8151363134384155,YOLO,1
17450.0,442,406,1048,1048,0.8168757557868958,YOLO,2
17450.0,1507,408,1048,1048,0.8276271820068359,YOLO,1
17466.666666666664,409,409,1049,1049,0.37224799394607544,YOLO,2
17466.666666666664,1545,410,1049,1049,0.8053542971611023,YOLO,1
17483.333333333336,1541,413,1050,1050,0.4,LK,1
17483.333333333336,376,409,1050,1050,0.6108759556927862,BG,2
17500.0,1541,413,1051,1051,0.3,LK,1
17500.0,322,435,1051,1051,0.5075898592888367,BG,2
17516.666666666664,311,437,1052,1052,0.658792560873543,BG,2
17516.666666666664,1666,421,1052,1052,0.8334436416625977,YOLO,1
17533.333333333332,310,437,1053,1053,0.4,LK,2
17533.333333333332,1710,426,1053,1053,0.6688954830169678,YOLO,1
17550.0,207,430,1054,1054,0.8320464491844177,YOLO,2
17550.0,1755,432,1054,1054,0.8323338031768799,YOLO,1
17566.666666666668,161,436,1055,1055,0.8388252258300781,YOLO,2
17566.666666666668,1755,428,1055,1055,0.4,LK,1
17583.333333333332,113,442,1056,1056,0.4,LK,2
17583.333333333332,1795,434,1056,1056,0.7114959615650317,BG,1
17600.0,115,443,1057,1057,0.5491062067024735,BG,2
17600.0,1849,444,1057,1057,0.8061450913447775,BG,1
17616.666666666668,1913,454,1058,1058,0.7486279056871123,BG,1
17616.666666666668,13,460,1058,1058,0.7250961661338806,YOLO,2
17633.333333333332,206,455,1059,1059,0.38662952184677124,YOLO,2
17650.0,206,455,1060,1060,0.4,LK,2
17666.666666666668,206,455,1061,1061,0.3,LK,2
19333.333333333332,117,288,1161,1161,0.8006155490875244,YOLO,2
19350.0,116,288,1162,1162,0.4,LK,2
19366.666666666668,116,288,1163,1163,0.3,LK,2
19383.333333333332,264,298,1164,1164,0.8085181428902573,BG,2
19400.0,414,313,1165,1165,0.8341430425643921,YOLO,2
19416.666666666668,471,319,1166,1166,0.519464910030365,YOLO,2
19433.333333333332,471,319,1167,1167,0.4,LK,2
19450.0,584,334,1168,1168,0.8516761660575867,YOLO,2
19466.666666666664,634,337,1169,1169,0.779533326625824,YOLO,2
19483.333333333336,548,329,1170,1170,0.4,LK,2
19500.0,548,329,1171,1171,0.3,LK,2
19516.666666666664,761,359,1172,1172,0.7907808423042297,YOLO,2
19533.333333333332,761,358,1173,1173,0.4,LK,2
19550.0,761,358,1174,1174,0.3,LK,2
19566.666666666668,875,381,1175,1175,0.7707192301750183,YOLO,2
19583.333333333332,909,388,1176,1176,0.8134254813194275,YOLO,2
19600.0,887,392,1177,1177,0.4,LK,2
19616.666666666668,971,403,1178,1178,0.632969856262207,YOLO,2
19633.333333333332,998,409,1179,1179,0.6384683124970926,BG,2
19650.0,1027,417,1180,1180,0.8206478953361511,YOLO,2
19666.666666666668,385,431,1181,1181,0.6737651190752144,BG,2
19683.333333333332,1077,431,1182,1182,0.6123056089321626,BG,2
19700.0,1100,439,1183,1183,0.6012979338478888,BG,2
19716.666666666664,1123,446,1184,1184,0.6082147725892362,BG,2
19733.333333333336,1145,454,1185,1185,0.6608270052937837,BG,2
19750.0,1166,462,1186,1186,0.6288634838411926,BG,2
19766.666666666664,1186,469,1187,1187,0.6935989135132409,BG,2
19783.333333333332,1205,477,1188,1188,0.5857057496078331,BG,2
19800.0,1224,485,1189,1189,0.7332215697643618,BG,2
19816.666666666668,1242,492,1190,1190,0.7486183572202703,BG,2
19833.333333333332,1259,500,1191,1191,0.7449715536192559,BG,2
19850.0,1276,508,1192,1192,0.7624022390835566,BG,2
19866.666666666668,1292,515,1193,1193,0.7435380322334679,BG,2
19883.333333333332,1307,523,1194,1194,0.7804563239090698,BG,2
19900.0,1322,531,1195,1195,0.769551181452664,BG,2
19916.666666666668,1337,538,1196,1196,0.7364216074896343,BG,2
19933.333333333332,1351,546,1197,1197,0.7212126553298834,BG,2
19950.0,1364,554,1198,1198,0.8138538558734802,BG,2
19966.666666666664,1377,562,1199,1199,0.6772362739073295,BG,2
19983.333333333336,1389,569,1200,1200,0.6642896493651599,BG,2
20000.0,1402,577,1201,1201,0.6822824868031551,BG,2
20016.666666666664,1406,577,1202,1202,0.4,LK,2
20033.333333333332,1426,578,1203,1203,0.3,LK,2
20050.0,1426,578,1204,1204,0.2,LK,2
20066.666666666668,1426,578,1205,1205,0.2,LK,2
20083.333333333332,1458,617,1206,1206,0.7457506314283824,BG,2
20100.0,1468,625,1207,1207,0.7529704174988745,BG,2
20116.666666666668,1477,626,1208,1208,0.6492428432764191,BG,2
20133.333333333332,1478,626,1209,1209,0.4,LK,2
20150.0,1481,622,1210,1210,0.3,LK,2
20166.666666666668,1468,621,1211,1211,0.2,LK,2
20183.333333333332,1468,621,1212,1212,0.2,LK,2
20200.0,712,537,1213,1213,0.6063886036065611,BG,2
20216.666666666664,721,541,1214,1214,0.6473589826355701,BG,2
20233.333333333336,729,546,1215,1215,0.6473589826355701,BG,2
20250.0,729,545,1216,1216,0.4,LK,2
20266.666666666664,728,545,1217,1217,0.3,LK,2
20283.333333333332,728,545,1218,1218,0.2,LK,2
20300.0,728,545,1219,1219,0.2,LK,2
20316.666666666668,757,544,1220,1220,0.6737651190752144,BG,2
20333.333333333332,757,543,1221,1221,0.4,LK,2
20350.0,756,543,1222,1222,0.3,LK,2
20366.666666666668,759,543,1223,1223,0.2,LK,2
20383.333333333332,791,542,1224,1224,0.2,LK,2
20400.0,790,542,1225,1225,0.2,LK,2
20416.666666666668,790,542,1226,1226,0.2,LK,2
20433.333333333332,790,542,1227,1227,0.2,LK,2
20450.0,790,542,1228,1228,0.2,LK,2
20466.666666666664,790,542,1229,1229,0.2,LK,2
20483.333333333336,790,542,1230,1230,0.2,LK,2
20500.0,790,542,1231,1231,0.2,LK,2
20516.666666666664,790,542,1232,1232,0.2,LK,2
20533.333333333332,790,542,1233,1233,0.2,LK,2
20550.0,790,542,1234,1234,0.2,LK,2
20566.666666666668,790,542,1235,1235,0.2,LK,2
20583.333333333332,1609,510,1236,1236,0.5528798485556504,BG,2
20600.0,1606,509,1237,1237,0.4,LK,2
20616.666666666668,1532,481,1238,1238,0.6268724475906414,BG,2
20633.333333333332,1513,473,1239,1239,0.6454032065639491,BG,2
20650.0,1493,466,1240,1240,0.59890232454969,BG,2
20666.666666666668,1474,459,1241,1241,0.6465071707648269,BG,2
20683.333333333332,1454,452,1242,1242,0.5988946857762162,BG,2
20700.0,1434,445,1243,1243,0.6610310931550586,BG,2
20716.666666666664,1414,438,1244,1244,0.6283158706666273,BG,2
20733.333333333336,1393,431,1245,1245,0.6803724298137155,BG,2
20750.0,1372,425,1246,1246,0.6876491402930065,BG,2
20766.666666666664,1351,418,1247,1247,0.6458200789189357,BG,2
20783.333333333332,1329,412,1248,1248,0.6793466012791453,BG,2
20800.0,1308,406,1249,1249,0.6230622094614712,BG,2
20816.666666666668,1286,399,1250,1250,0.6151604695480664,BG,2
20833.333333333332,1264,394,1251,1251,0.5889948443484181,BG,2
20850.0,1245,389,1252,1252,0.6362380867588684,BG,2
20866.666666666668,1244,388,1253,1253,0.4,LK,2
20883.333333333332,1244,388,1254,1254,0.3,LK,2
20900.0,1172,371,1255,1255,0.7728114128112793,YOLO,2
20916.666666666668,1148,366,1256,1256,0.5068999846743087,BG,2
20933.333333333332,1123,361,1257,1257,0.5099931359291077,YOLO,2
20950.0,1098,356,1258,1258,0.552182666576642,BG,2
20966.666666666664,1073,351,1259,1259,0.6255685712454342,BG,2
20983.333333333336,1048,347,1260,1260,0.6578143738869514,BG,2
21000.0,1022,342,1261,1261,0.6366900393527289,BG,2
21016.666666666664,996,338,1262,1262,0.6089467274314192,BG,2
21033.333333333332,970,334,1263,1263,0.6233189698203205,BG,2
21050.0,944,330,1264,1264,0.6124308213186912,BG,2
21066.666666666668,917,327,1265,1265,0.5928229102197647,BG,2
21083.333333333332,889,323,1266,1266,0.5661397564217925,BG,2
21100.0,863,320,1267,1267,0.6400154380146549,BG,2
21116.666666666668,835,317,1268,1268,0.5214644019830688,BG,2
21133.333333333332,834,316,1269,1269,0.4,LK,2
21150.0,834,316,1270,1270,0.3,LK,2
21166.666666666668,748,309,1271,1271,0.7549100518226624,YOLO,2
21183.333333333332,747,308,1272,1272,0.4,LK,2
21200.0,747,308,1273,1273,0.3,LK,2
21216.666666666664,747,308,1274,1274,0.2,LK,2
21233.333333333336,747,308,1275,1275,0.2,LK,2
21250.0,747,308,1276,1276,0.2,LK,2
21266.666666666664,747,308,1277,1277,0.2,LK,2
21283.333333333332,747,308,1278,1278,0.2,LK,2
21300.0,747,308,1279,1279,0.2,LK,2
21316.666666666668,747,308,1280,1280,0.2,LK,2
21333.333333333332,747,308,1281,1281,0.2,LK,2
21350.0,747,308,1282,1282,0.2,LK,2
21366.666666666668,370,301,1283,1283,0.5661531276599797,BG,2
21383.333333333332,369,301,1284,1284,0.4,LK,2
21400.0,369,301,1285,1285,0.3,LK,2
21416.666666666668,369,301,1286,1286,0.2,LK,2
21433.333333333332,369,301,1287,1287,0.2,LK,2
21450.0,369,301,1288,1288,0.2,LK,2
21466.666666666664,369,301,1289,1289,0.2,LK,2
21483.333333333336,117,319,1290,1290,0.4880257844924927,YOLO,2
21500.0,78,322,1291,1291,0.7635704874992371,YOLO,2
21516.666666666664,78,322,1292,1292,0.4,LK,2
21533.333333333332,78,322,1293,1293,0.3,LK,2
21550.0,78,322,1294,1294,0.2,LK,2
21566.666666666668,78,322,1295,1295,0.2,LK,2
21583.333333333332,78,322,1296,1296,0.2,LK,2
21600.0,78,322,1297,1297,0.2,LK,2
21616.666666666668,78,322,1298,1298,0.2,LK,2
21633.333333333332,78,322,1299,1299,0.2,LK,2
21650.0,78,322,1300,1300,0.2,LK,2
21666.666666666668,78,322,1301,1301,0.2,LK,2
21683.333333333332,78,322,1302,1302,0.2,LK,2
21700.0,78,322,1303,1303,0.2,LK,2
21716.666666666664,78,322,1304,1304,0.2,LK,2
21733.333333333336,78,322,1305,1305,0.2,LK,2
21750.0,78,322,1306,1306,0.2,LK,2
21766.666666666664,78,322,1307,1307,0.2,LK,2
21783.333333333332,78,322,1308,1308,0.2,LK,2
21800.0,78,322,1309,1309,0.2,LK,2
21816.666666666668,78,322,1310,1310,0.2,LK,2
21833.333333333332,78,322,1311,1311,0.2,LK,2
21850.0,78,322,1312,1312,0.2,LK,2
21866.666666666668,78,322,1313,1313,0.2,LK,2
21883.333333333332,78,322,1314,1314,0.2,LK,2
21900.0,78,322,1315,1315,0.2,LK,2
21916.666666666668,78,322,1316,1316,0.2,LK,2
21933.333333333332,78,322,1317,1317,0.2,LK,2
21950.0,78,322,1318,1318,0.2,LK,2
21966.666666666664,78,322,1319,1319,0.2,LK,2
21983.333333333336,78,321,1320,1320,0.2,LK,2
22000.0,78,321,1321,1321,0.2,LK,2
23366.666666666668,12,403,1403,1403,0.5811596512794495,YOLO,2
23383.333333333332,11,402,1404,1404,0.4,LK,2
23400.0,11,402,1405,1405,0.3,LK,2
23416.666666666668,117,418,1406,1406,0.8217029571533203,YOLO,2
23433.333333333332,117,418,1407,1407,0.4,LK,2
23450.0,186,431,1408,1408,0.8206031322479248,YOLO,2
23466.666666666664,185,430,1409,1409,0.4,LK,2
23500.0,283,451,1411,1411,0.3857709467411041,YOLO,2
23516.666666666664,284,454,1412,1412,0.4,LK,2
23616.666666666668,486,503,1418,1418,0.8332117199897766,YOLO,2
23633.333333333332,515,511,1419,1419,0.5412780611324063,BG,2
23650.0,533,518,1420,1420,0.6649990920263368,BG,2
23666.666666666668,569,526,1421,1421,0.5953969514499048,BG,2
23683.333333333332,568,526,1422,1422,0.4,LK,2
23700.0,229,353,1423,1423,0.6430287075658971,BG,2
23716.666666666664,636,552,1424,1424,0.5487856891751663,BG,2
23733.333333333336,636,552,1425,1425,0.4,LK,2
23750.0,685,572,1426,1426,0.7378807663917542,YOLO,2
23766.666666666664,707,580,1427,1427,0.6331694576745494,BG,2
23783.333333333332,728,589,1428,1428,0.6639006173840292,BG,2
23800.0,751,599,1429,1429,0.8051339983940125,YOLO,2
23816.666666666668,770,606,1430,1430,0.5404072817068433,BG,2
23833.333333333332,792,617,1431,1431,0.6419596879556541,BG,2
23850.0,813,627,1432,1432,0.6917493175722135,BG,2
23866.666666666668,833,636,1433,1433,0.6664853611069185,BG,2
23883.333333333332,853,646,1434,1434,0.6407287710228166,BG,2
23900.0,872,656,1435,1435,0.6689953537073591,BG,2
23916.666666666668,886,654,1436,1436,0.793351728840878,BG,2
23933.333333333332,894,644,1437,1437,0.7552097786750241,BG,2
23950.0,903,635,1438,1438,0.8085181362364084,BG,2
23966.666666666664,912,626,1439,1439,0.8085181428902573,BG,2
23983.333333333336,921,618,1440,1440,0.7205669990505783,BG,2
24000.0,931,607,1441,1441,0.5475231182850782,BG,2
24016.666666666664,939,601,1442,1442,0.7783402421328645,BG,2
24033.333333333332,948,595,1443,1443,0.7948195338249207,YOLO,2
24050.0,956,587,1444,1444,0.7636004745694337,BG,2
24066.666666666668,964,580,1445,1445,0.4,LK,2
24083.333333333332,973,574,1446,1446,0.74759848491876,BG,2
24100.0,981,568,1447,1447,0.5764535992404627,BG,2
24116.666666666668,990,562,1448,1448,0.6702264155759213,BG,2
24133.333333333332,998,557,1449,1449,0.7912165427582412,BG,2
24150.0,1006,551,1450,1450,0.7059936943317515,BG,2
24166.666666666668,1014,547,1451,1451,0.6468145143122059,BG,2
24183.333333333332,1022,542,1452,1452,0.7419766680691412,BG,2
24200.0,1031,538,1453,1453,0.6628303876311875,BG,2
24216.666666666664,1039,535,1454,1454,0.572700352849684,BG,2
24233.333333333336,1047,531,1455,1455,0.6244646112441403,BG,2
24250.0,1055,528,1456,1456,0.5408315188142632,BG,2
24266.666666666664,1063,525,1457,1457,0.7629588087657795,BG,2
24283.333333333332,1071,522,1458,1458,0.6062568314641069,BG,2
24300.0,1078,520,1459,1459,0.6667718287044598,BG,2
24316.666666666668,1086,519,1460,1460,0.6492428432764191,BG,2
24333.333333333332,1094,517,1461,1461,0.6916933666976804,BG,2
24350.0,1101,516,1462,1462,0.607851746491901,BG,2
24366.666666666668,1109,515,1463,1463,0.5659309363890113,BG,2
24383.333333333332,1116,514,1464,1464,0.646229180131302,BG,2
24400.0,1124,513,1465,1465,0.607851746491901,BG,2
24416.666666666668,1131,513,1466,1466,0.6492428432764191,BG,2
24433.333333333332,1138,513,1467,1467,0.6492428432764191,BG,2
24450.0,1146,513,1468,1468,0.6050135787949257,BG,2
24466.666666666664,1152,513,1469,1469,0.4,LK,2
24483.333333333336,1160,515,1470,1470,0.5784163512826278,BG,2
24500.0,1167,516,1471,1471,0.5219543377983593,BG,2
24516.666666666664,1174,518,1472,1472,0.5294952707488136,BG,2
24533.333333333332,1180,519,1473,1473,0.7662242650985718,YOLO,2
24550.0,1186,521,1474,1474,0.4,LK,2
24566.666666666668,1193,524,1475,1475,0.6464899778366089,YOLO,2
24583.333333333332,1194,526,1476,1476,0.4,LK,2
24600.0,1207,529,1477,1477,0.7398388524297781,BG,2
24616.666666666668,1213,532,1478,1478,0.5554802417755127,YOLO,2
24633.333333333332,1219,535,1479,1479,0.4,LK,2
24650.0,1227,539,1480,1480,0.533915026299267,BG,2
24666.666666666668,1233,543,1481,1481,0.5716929539559031,BG,2
24683.333333333332,1239,547,1482,1482,0.5148560073845055,BG,2
24700.0,1245,551,1483,1483,0.6090873832286587,BG,2
24716.666666666664,883,535,1484,1484,0.6251822832777502,BG,2
24733.333333333336,890,540,1485,1485,0.5358572563049143,BG,2
24750.0,890,540,1486,1486,0.4,LK,2
24766.666666666664,890,540,1487,1487,0.3,LK,2
24783.333333333332,890,540,1488,1488,0.2,LK,2
24800.0,1239,553,1489,1489,0.65267014503479,YOLO,2
24816.666666666668,1239,546,1490,1490,0.4,LK,2
24833.333333333332,1215,542,1491,1491,0.7255305822102998,BG,2
24850.0,1187,530,1492,1492,0.7509364293022421,BG,2
24866.666666666668,925,530,1493,1493,0.7689394011682371,BG,2
24883.333333333332,1151,515,1494,1494,0.7169913973374974,BG,2
24900.0,1132,507,1495,1495,0.672315261643815,BG,2
24916.666666666668,1113,500,1496,1496,0.7048624474546089,BG,2
24933.333333333332,1093,492,1497,1497,0.6628468205908754,BG,2
24950.0,1073,485,1498,1498,0.7054342400499143,BG,2
24966.666666666664,1052,478,1499,1499,0.6288634838411926,BG,2
24983.333333333336,1031,471,1500,1500,0.6589753292675736,BG,2
25000.0,1009,464,1501,1501,0.6232666860090665,BG,2
25016.666666666664,986,457,1502,1502,0.5731924850247028,BG,2
25033.333333333332,963,451,1503,1503,0.5530379270730716,BG,2
25050.0,940,444,1504,1504,0.5980787852675149,BG,2
25066.666666666668,915,438,1505,1505,0.6190778548571121,BG,2
25083.333333333332,896,435,1506,1506,0.6362380867588684,BG,2
25100.0,895,434,1507,1507,0.4,LK,2
25116.666666666668,839,419,1508,1508,0.8129080533981323,YOLO,2
25133.333333333332,839,416,1509,1509,0.4,LK,2
25150.0,783,408,1510,1510,0.8030882477760315,YOLO,2
25166.666666666668,753,403,1511,1511,0.8018956780433655,YOLO,2
25183.333333333332,750,402,1512,1512,0.4,LK,2
25200.0,750,403,1513,1513,0.3,LK,2
25216.666666666664,658,388,1514,1514,0.7608632445335388,YOLO,2
25233.333333333336,623,382,1515,1515,0.5009886105972411,BG,2
25250.0,590,380,1516,1516,0.8506160378456116,YOLO,2
25266.666666666664,553,374,1517,1517,0.5367401753042539,BG,2
25283.333333333332,517,371,1518,1518,0.5587648153305054,YOLO,2
25300.0,478,367,1519,1519,0.4,LK,2
25316.666666666668,437,365,1520,1520,0.6454157829284668,YOLO,2
25333.333333333332,395,362,1521,1521,0.8380325436592102,YOLO,2
25350.0,353,360,1522,1522,0.8449075222015381,YOLO,2
25366.666666666668,307,357,1523,1523,0.8356382250785828,YOLO,2
25383.333333333332,259,356,1524,1524,0.8372892737388611,YOLO,2
25400.0,209,354,1525,1525,0.7975722551345825,YOLO,2
25416.666666666668,209,354,1526,1526,0.4,LK,2
25433.333333333332,209,354,1527,1527,0.3,LK,2
25450.0,51,353,1528,1528,0.5211696624755859,YOLO,2
25466.666666666664,50,353,1529,1529,0.4,LK,2
25483.333333333336,50,353,1530,1530,0.3,LK,2
25500.0,50,353,1531,1531,0.2,LK,2
25516.666666666664,50,353,1532,1532,0.2,LK,2
25533.333333333332,50,353,1533,1533,0.2,LK,2
25550.0,50,353,1534,1534,0.2,LK,2
25566.666666666668,1003,462,1535,1535,0.5294952726721173,BG,2
25583.333333333332,994,457,1536,1536,0.6683749941974539,BG,2
25600.0,986,453,1537,1537,0.5516314248743555,BG,2
25616.666666666668,977,448,1538,1538,0.628812158149017,BG,2
25633.333333333332,968,444,1539,1539,0.6683749941974539,BG,2
25650.0,960,439,1540,1540,0.6449160528303446,BG,2
25666.666666666668,951,435,1541,1541,0.5553443856548946,BG,2
25683.333333333332,942,431,1542,1542,0.5821330594622987,BG,2
25700.0,942,430,1543,1543,0.4,LK,2
25716.666666666664,942,430,1544,1544,0.3,LK,2
25733.333333333336,942,430,1545,1545,0.2,LK,2
25750.0,942,430,1546,1546,0.2,LK,2
25766.666666666664,942,430,1547,1547,0.2,LK,2
25783.333333333332,942,430,1548,1548,0.2,LK,2
25800.0,942,430,1549,1549,0.2,LK,2
25816.666666666668,942,430,1550,1550,0.2,LK,2
25833.333333333332,858,206,1551,1551,0.6063886036065611,BG,2
25849.999999999996,857,205,1552,1552,0.4,LK,2
25866.666666666668,857,205,1553,1553,0.3,LK,2
25883.333333333332,857,205,1554,1554,0.2,LK,2
25900.0,857,205,1555,1555,0.2,LK,2
25916.666666666668,857,205,1556,1556,0.2,LK,2
25933.333333333332,857,205,1557,1557,0.2,LK,2
25950.0,857,205,1558,1558,0.2,LK,2
25966.666666666664,857,205,1559,1559,0.2,LK,2
25983.333333333336,857,205,1560,1560,0.2,LK,2
26000.0,857,205,1561,1561,0.2,LK,2
26016.666666666664,857,205,1562,1562,0.2,LK,2
26033.333333333332,857,205,1563,1563,0.2,LK,2
26050.0,857,205,1564,1564,0.2,LK,2
26066.666666666668,857,205,1565,1565,0.2,LK,2
26083.333333333332,857,205,1566,1566,0.2,LK,2
26099.999999999996,857,205,1567,1567,0.2,LK,2
26116.666666666668,857,205,1568,1568,0.2,LK,2
26133.333333333332,857,205,1569,1569,0.2,LK,2
26150.0,857,205,1570,1570,0.2,LK,2
26166.666666666668,857,205,1571,1571,0.2,LK,2
26183.333333333332,857,205,1572,1572,0.2,LK,2
26200.0,857,205,1573,1573,0.2,LK,2
26216.666666666664,857,205,1574,1574,0.2,LK,2
26233.333333333336,857,205,1575,1575,0.2,LK,2
26250.0,857,205,1576,1576,0.2,LK,2
26266.666666666664,857,205,1577,1577,0.2,LK,2
26283.333333333332,857,205,1578,1578,0.2,LK,2
26300.0,857,205,1579,1579,0.2,LK,2
26316.666666666668,857,205,1580,1580,0.2,LK,2
26333.333333333332,857,205,1581,1581,0.2,LK,2
26633.333333333332,391,358,1599,1599,0.5324809312599574,BG,2
26650.0,391,358,1600,1600,0.4,LK,2
26666.666666666668,367,364,1601,1601,0.75020015882688,BG,2
26683.333333333332,367,363,1602,1602,0.4,LK,2
26700.0,367,363,1603,1603,0.3,LK,2
26716.666666666664,367,363,1604,1604,0.2,LK,2
26733.333333333336,367,363,1605,1605,0.2,LK,2
26750.0,367,363,1606,1606,0.2,LK,2
26766.666666666664,367,363,1607,1607,0.2,LK,2
26783.333333333332,367,363,1608,1608,0.2,LK,2
26800.0,367,363,1609,1609,0.2,LK,2
26816.666666666668,367,363,1610,1610,0.2,LK,2
26833.333333333332,367,363,1611,1611,0.2,LK,2
26849.999999999996,367,363,1612,1612,0.2,LK,2
26866.666666666668,234,405,1613,1613,0.534516461231188,BG,2
26883.333333333332,234,404,1614,1614,0.4,LK,2
26900.0,234,404,1615,1615,0.3,LK,2
26916.666666666668,234,404,1616,1616,0.2,LK,2
26933.333333333332,234,404,1617,1617,0.2,LK,2
26950.0,234,404,1618,1618,0.2,LK,2
26966.666666666664,234,404,1619,1619,0.2,LK,2
26983.333333333336,234,404,1620,1620,0.2,LK,2
27000.0,233,404,1621,1621,0.2,LK,2
27016.666666666664,233,404,1622,1622,0.2,LK,2
27033.333333333332,233,404,1623,1623,0.2,LK,2
27050.0,233,404,1624,1624,0.2,LK,2
27066.666666666668,233,404,1625,1625,0.2,LK,2
27083.333333333332,233,404,1626,1626,0.2,LK,2
27099.999999999996,233,404,1627,1627,0.2,LK,2
27116.666666666668,233,404,1628,1628,0.2,LK,2
27133.333333333332,233,404,1629,1629,0.2,LK,2
27150.0,36,502,1630,1630,0.5558100938796997,YOLO,2
27166.666666666668,24,509,1631,1631,0.4,LK,2
27183.333333333332,12,516,1632,1632,0.3,LK,2
27200.0,12,515,1633,1633,0.2,LK,2
27233.333333333336,74,475,1635,1635,0.7566600441932678,YOLO,2
27250.0,150,479,1636,1636,0.7189280986785889,YOLO,2
27266.666666666664,220,483,1637,1637,0.7439166903495789,YOLO,2
27283.333333333332,219,483,1638,1638,0.4,LK,2
27300.0,219,483,1639,1639,0.3,LK,2
27316.666666666668,219,483,1640,1640,0.2,LK,2
27333.333333333332,446,500,1641,1641,0.6433759331703186,YOLO,2
27349.999999999996,501,503,1642,1642,0.8061450660379307,BG,2
27366.666666666668,534,509,1643,1643,0.4397749602794647,YOLO,2
27383.333333333332,577,514,1644,1644,0.5953969514499048,BG,2
27400.0,577,514,1645,1645,0.4,LK,2
27416.666666666668,653,523,1646,1646,0.5752363801002502,YOLO,2
27433.333333333332,687,529,1647,1647,0.7045960426330566,YOLO,2
27450.0,687,528,1648,1648,0.4,LK,2
27466.666666666664,687,528,1649,1649,0.3,LK,2
27483.333333333336,778,543,1650,1650,0.5376440929127395,BG,2
27500.0,807,548,1651,1651,0.6636510491371155,YOLO,2
27516.666666666664,800,547,1652,1652,0.4,LK,2
27533.333333333332,791,547,1653,1653,0.3,LK,2
27550.0,785,547,1654,1654,0.2,LK,2
27566.666666666668,782,547,1655,1655,0.2,LK,2
27583.333333333332,782,546,1656,1656,0.2,LK,2
27599.999999999996,783,546,1657,1657,0.2,LK,2
27616.666666666668,783,546,1658,1658,0.2,LK,2
27633.333333333332,805,545,1659,1659,0.2,LK,2
27650.0,805,545,1660,1660,0.2,LK,2
27666.666666666668,977,622,1661,1661,0.5731199676986968,BG,2
27683.333333333332,990,628,1662,1662,0.7033240102599164,BG,2
27700.0,999,627,1663,1663,0.7256046425859943,BG,2
27716.666666666664,1006,618,1664,1664,0.7330564495538333,BG,2
27733.333333333336,1012,611,1665,1665,0.8149579967805102,BG,2
27750.0,1019,603,1666,1666,0.66791006212238,BG,2
27766.666666666664,1025,597,1667,1667,0.8458333595003218,BG,2
27783.333333333332,1032,590,1668,1668,0.7176767821513744,BG,2
27800.0,1038,584,1669,1669,0.7140165558333539,BG,2
27816.666666666668,1044,579,1670,1670,0.7217336593960894,BG,2
27833.333333333332,1050,573,1671,1671,0.5548791279733458,BG,2
27849.999999999996,1056,569,1672,1672,0.6085755693391723,BG,2
27866.666666666668,1061,564,1673,1673,0.6000798041201328,BG,2
27883.333333333332,1067,559,1674,1674,0.6983601597633231,BG,2
27900.0,1073,556,1675,1675,0.5532505113923163,BG,2
27916.666666666668,1078,555,1676,1676,0.4,LK,2
27933.333333333332,1083,549,1677,1677,0.5821330594622987,BG,2
27950.0,1089,546,1678,1678,0.6664141413516337,BG,2
27966.666666666664,1090,545,1679,1679,0.4,LK,2
27983.333333333336,1100,540,1680,1680,0.5390120996226917,BG,2
28000.0,1104,538,1681,1681,0.4,LK,2
28016.666666666664,1109,536,1682,1682,0.3,LK,2
28033.333333333332,1113,536,1683,1683,0.2,LK,2
28050.0,1120,533,1684,1684,0.5255879847138478,BG,2
28066.666666666668,1124,532,1685,1685,0.5390120920947209,BG,2
28083.333333333332,1128,530,1686,1686,0.4,LK,2
28099.999999999996,1133,530,1687,1687,0.3,LK,2
28116.666666666668,1138,530,1688,1688,0.5265598703836084,BG,2
28133.333333333332,1142,530,1689,1689,0.5622443556785583,YOLO,2
28150.0,1147,529,1690,1690,0.5548791279733458,BG,2
28166.666666666668,1151,529,1691,1691,0.4,LK,2
28183.333333333332,1155,529,1692,1692,0.3,LK,2
28200.0,1159,529,1693,1693,0.2,LK,2
28216.666666666664,1162,531,1694,1694,0.41050422191619873,YOLO,2
28233.333333333336,1166,531,1695,1695,0.4,LK,2
28250.0,1169,532,1696,1696,0.3,LK,2
28266.666666666664,1172,534,1697,1697,0.2,LK,2
28283.333333333332,1176,535,1698,1698,0.2,LK,2
28300.0,1180,537,1699,1699,0.2,LK,2
28316.666666666668,1183,538,1700,1700,0.2,LK,2
28333.333333333332,1186,540,1701,1701,0.2,LK,2
28349.999999999996,1189,541,1702,1702,0.2,LK,2
28366.666666666668,1193,543,1703,1703,0.2,LK,2
28383.333333333332,1194,544,1704,1704,0.2,LK,2
28400.0,1195,545,1705,1705,0.2,LK,2
28416.666666666668,1207,553,1706,1706,0.5212504267692566,YOLO,2
28433.333333333332,1211,554,1707,1707,0.4752514362335205,YOLO,2
28450.0,1211,554,1708,1708,0.4,LK,2
28466.666666666664,1212,554,1709,1709,0.3,LK,2
28483.333333333336,1221,563,1710,1710,0.529240071773529,YOLO,2
28500.0,1224,569,1711,1711,0.6288121515433458,BG,2
28516.666666666664,1227,573,1712,1712,0.7398388372977944,BG,2
28533.333333333332,1229,576,1713,1713,0.4,LK,2
28550.0,1233,580,1714,1714,0.7398388372977944,BG,2
28566.666666666668,1236,584,1715,1715,0.5768543553059535,BG,2
28583.333333333332,1238,584,1716,1716,0.4,LK,2
28599.999999999996,1241,584,1717,1717,0.3,LK,2
28616.666666666668,1244,583,1718,1718,0.7126537717491253,BG,2
28633.333333333332,1247,579,1719,1719,0.6664141476791389,BG,2
28650.0,1249,575,1720,1720,0.4,LK,2
28666.666666666668,1252,572,1721,1721,0.3,LK,2
28683.333333333332,1254,569,1722,1722,0.2,LK,2
28700.0,1257,566,1723,1723,0.2,LK,2
28716.666666666664,1259,565,1724,1724,0.2,LK,2
28733.333333333336,1261,564,1725,1725,0.2,LK,2
28750.0,1265,555,1726,1726,0.5358572563049143,BG,2
28766.666666666664,1267,552,1727,1727,0.4,LK,2
28783.333333333332,1269,550,1728,1728,0.3,LK,2
28800.0,1271,549,1729,1729,0.2,LK,2
28816.666666666668,1274,548,1730,1730,0.2,LK,2
28833.333333333332,1276,546,1731,1731,0.2,LK,2
28849.999999999996,1278,545,1732,1732,0.2,LK,2
28866.666666666668,1280,544,1733,1733,0.2,LK,2
28883.333333333332,1283,543,1734,1734,0.2,LK,2
28900.0,1285,542,1735,1735,0.2,LK,2
28916.666666666668,1287,541,1736,1736,0.2,LK,2
28933.333333333332,1289,540,1737,1737,0.2,LK,2
28950.0,1291,540,1738,1738,0.2,LK,2
28966.666666666664,1293,540,1739,1739,0.2,LK,2
28983.333333333336,1295,540,1740,1740,0.2,LK,2
29000.0,1297,540,1741,1741,0.2,LK,2
29016.666666666664,1299,540,1742,1742,0.2,LK,2
29033.333333333332,1301,540,1743,1743,0.2,LK,2
29050.0,1303,541,1744,1744,0.2,LK,2
29066.666666666668,1305,542,1745,1745,0.2,LK,2
29083.333333333332,1307,543,1746,1746,0.2,LK,2
29099.999999999996,1309,544,1747,1747,0.2,LK,2
29116.666666666668,1311,545,1748,1748,0.2,LK,2
29133.333333333332,1313,546,1749,1749,0.2,LK,2
29150.0,1314,547,1750,1750,0.2,LK,2
29166.666666666668,1316,549,1751,1751,0.2,LK,2
29183.333333333332,1318,550,1752,1752,0.2,LK,2
29200.0,1319,552,1753,1753,0.2,LK,2
29216.666666666664,1321,553,1754,1754,0.2,LK,2
29233.333333333336,1323,555,1755,1755,0.2,LK,2
29250.0,1325,557,1756,1756,0.2,LK,2
29483.333333333336,581,498,1770,1770,0.6664141413516337,BG,2
29500.0,589,501,1771,1771,0.8085181428902573,BG,2
29516.666666666664,589,500,1772,1772,0.4,LK,2
29533.333333333332,589,500,1773,1773,0.3,LK,2
29550.0,589,500,1774,1774,0.2,LK,2
29566.666666666668,589,500,1775,1775,0.2,LK,2
29583.333333333332,589,500,1776,1776,0.2,LK,2
29599.999999999996,589,500,1777,1777,0.2,LK,2
29616.666666666668,589,500,1778,1778,0.2,LK,2
29633.333333333332,589,500,1779,1779,0.2,LK,2
29650.0,589,500,1780,1780,0.2,LK,2
29666.666666666668,589,500,1781,1781,0.2,LK,2
29683.333333333332,589,500,1782,1782,0.2,LK,2
29700.0,589,500,1783,1783,0.2,LK,2
29716.666666666664,589,500,1784,1784,0.2,LK,2
29733.333333333336,589,500,1785,1785,0.2,LK,2
29750.0,589,500,1786,1786,0.2,LK,2
29766.666666666664,589,500,1787,1787,0.2,LK,2
29783.333333333332,589,500,1788,1788,0.2,LK,2
29800.0,589,500,1789,1789,0.2,LK,2
29816.666666666668,589,500,1790,1790,0.2,LK,2
29833.333333333332,589,500,1791,1791,0.2,LK,2
29849.999999999996,589,500,1792,1792,0.2,LK,2
29866.666666666668,589,500,1793,1793,0.2,LK,2
29883.333333333332,589,500,1794,1794,0.2,LK,2
29900.0,589,500,1795,1795,0.2,LK,2
29916.666666666668,589,500,1796,1796,0.2,LK,2
29933.333333333332,589,500,1797,1797,0.2,LK,2
29950.0,589,500,1798,1798,0.2,LK,2
29966.666666666664,589,500,1799,1799,0.2,LK,2
29983.333333333336,589,500,1800,1800,0.2,LK,2
